,0,1,2,3,4,5,6,7,8,9,10,11,12,13,14,15,16,17,18,19,20,21,22,23,24,25,26,27,28,29,30,31,32,33,34,35,36,37,38,39,40,41,42,43,44,45,46,47,48,49,50,51,52,53,54,55,56,57,58,59,60,61,62,63,64,65,66,67,68,69,70,71,72,73,74,75,76,77,78,79,80,81,82,83,84,85,86,87,88,89,90,91,92,93,94,95,96,97,98,99
productId,195416219,1309725032,2570960,1835060041,195468222,195416219,1309725032,2570960,1835060041,6149541,195416219,1309725032,2570960,6149579,1201969052,195416219,1309725032,2570960,1309724250,1201969052,195416219,1309725032,2570960,1309724250,195468222,195416219,1309725032,2570960,1309724250,4832841017,195416219,1309725032,2570960,34380701,195468222,195416219,1309725032,2570960,6149564,1835060785,195416219,1309725032,2570960,274735434,25912714,195416219,1309725032,2570960,195468222,1835060785,195416219,1309725032,2570960,195468222,6149422,195416219,1309725032,2570960,195468222,1835059787,195416219,1309725032,2570960,195468222,1835060507,195416219,1309725032,2570960,195468222,2040473827,195416219,1309725032,2570960,195468222,1864059394,195416219,1624931538,2570960,195468222,2048327,195416219,5176184381,2570960,195416219,195416219,195416219,195416219,195416219,195416219,195416219,195416219,195416219,195416219,2570960,2570960,2048327,2048327,2048327,5176184381,5176184381
productName,"아트조이 DIY 보석 십자수 캔버스형 50 x 40 cm, 아름다운 해변, 1개","아트조이 DIY 보석십자수 캔버스형 30 x 40 cm, 달빛 고양이, 1개","케이엠엘리 3D 보석십자수 DIY 키트, 봄날의호수, 1개","아이러브페인팅 풍경 DIY 보석십자수 50 x 40 cm, 달밤의 벚꽃, 1세트","아트조이 DIY 보석십자수 캔버스형 25 x 25 cm, 푸른 눈 호랑이, 1세트","아트조이 DIY 보석 십자수 캔버스형 50 x 40 cm, 황금 재물 나무, 1개","아트조이 DIY 보석십자수 캔버스형 30 x 40 cm, 장미와 십자가, 1개","케이엠엘리 3D 보석십자수 DIY 키트, 숲의미로, 1개","아이러브페인팅 풍경 DIY 보석십자수 50 x 40 cm, 해바라기와 풍차, 1세트","케이엠엘리보석십자수 5D 백호패밀리 60x40cm, 1개","아트조이 DIY 보석 십자수 캔버스형 50 x 40 cm, 골든트리, 1개","아트조이 DIY 보석십자수 캔버스형 30 x 40 cm, 고양이와 황금잉어, 1개","케이엠엘리 3D 보석십자수 DIY 키트, 늑대커플, 1개","케이엠엘리보석십자수 3D 예수님은 나의 목자 40x55cm, 1개","아이러브페인팅 미키마우스 보석십자수 세트 25 x 25 cm, 헬로 미키 보석십자수, 1세트","아트조이 DIY 보석 십자수 캔버스형 50 x 40 cm, 선경, 1개","아트조이 DIY 보석십자수 캔버스형 30 x 40 cm, 행운나비, 1개","케이엠엘리 3D 보석십자수 DIY 키트, 버섯동화마을, 1개","아트조이 DIY 보석 십자수 캔버스형 3단 세트 50 x 50 cm, 목련화, 1세트","아이러브페인팅 미키마우스 보석십자수 세트 25 x 25 cm, 조각보 미키 보석십자수, 1세트","아트조이 DIY 보석 십자수 캔버스형 50 x 40 cm, 모란 공작, 1개","아트조이 DIY 보석십자수 캔버스형 30 x 40 cm, 돌고래 한쌍, 1개","케이엠엘리 3D 보석십자수 DIY 키트, 5월의수국, 1개","아트조이 DIY 보석 십자수 캔버스형 3단 세트 50 x 50 cm, 황금꽃나무, 1세트","아트조이 DIY 보석십자수 캔버스형 25 x 25 cm, 백호, 1세트","아트조이 DIY 보석 십자수 캔버스형 50 x 40 cm, 겨울풍경, 1개","아트조이 DIY 보석십자수 캔버스형 30 x 40 cm, 행복고양이, 1개","케이엠엘리 3D 보석십자수 DIY 키트, 요염한고양이, 1개","아트조이 DIY 보석 십자수 캔버스형 3단 세트 50 x 50 cm, 가화만사성, 1세트","디즈니 보석십자수 취미용품, 보석십자수_디즈니성","아트조이 DIY 보석 십자수 캔버스형 50 x 40 cm, 고래와 바다, 1개","아트조이 DIY 보석십자수 캔버스형 30 x 40 cm, 달빛 부엉이, 1개","3D 명화해바라기2, 1개","케이엠엘리보석십자수 3D 호숫가 아름다운 집 55x40cm, 혼합 색상, 1세트","아트조이 DIY 보석십자수 캔버스형 25 x 25 cm, 마를린 몬로, 1세트","아트조이 DIY 보석 십자수 캔버스형 50 x 40 cm, 해뜨는 라벤더밭, 1개","아트조이 DIY 보석십자수 캔버스형 30 x 40 cm, 아름다운 말, 1개","케이엠엘리 3D 보석십자수 DIY 키트, 돈들어오는나무, 1개","케이엠엘리보석십자수 3D오색 부엉이1 40x40cm, 1개","아이러브페인팅 테마 DIY 보석십자수 20 x 20 cm, 12간지 강아지, 1세트","아트조이 DIY 보석 십자수 캔버스형 50 x 40 cm, 신부와 바다, 1개","아트조이 DIY 보석십자수 캔버스형 30 x 40 cm, 달과 고양이, 1개","케이엠엘리 3D 보석십자수 DIY 키트, 시골의무도회, 1개","ADICO 스페셜 키트 미니어처 DIY, 주방","아이비스 4000 레인보우 스크래치 노트 2p 세트, 190 x 260 mm, 16매","아트조이 DIY 보석 십자수 캔버스형 50 x 40 cm, 꽃길, 1개","아트조이 DIY 보석십자수 캔버스형 30 x 40 cm, 설원의 늑대, 1개","케이엠엘리 3D 보석십자수 DIY 키트, 황금나뭇잎, 1개","아트조이 DIY 보석십자수 캔버스형 25 x 25 cm, 레인보우 하트, 1세트","아이러브페인팅 테마 DIY 보석십자수 20 x 20 cm, 12간지 원숭이, 1세트","아트조이 DIY 보석 십자수 캔버스형 50 x 40 cm, 맹호, 1개","아트조이 DIY 보석십자수 캔버스형 30 x 40 cm, 황금말, 1개","케이엠엘리 3D 보석십자수 DIY 키트, 해바라기1, 1개","아트조이 DIY 보석십자수 캔버스형 25 x 25 cm, OMG, 1세트","케이엠엘리보석십자수 3D 꽃부엉이3 30x30cm, 1개","아트조이 DIY 보석 십자수 캔버스형 50 x 40 cm, 플라워 코끼리, 1개","아트조이 DIY 보석십자수 캔버스형 30 x 40 cm, 내 삶의 기쁨, 1개","케이엠엘리 3D 보석십자수 DIY 키트, 베어패밀리, 1개","아트조이 DIY 보석십자수 캔버스형 25 x 25 cm, 무지개 한송이, 1세트","아이러브페인팅 히트 DIY 보석십자수 30 x 30 cm, 샴, 1세트","아트조이 DIY 보석 십자수 캔버스형 50 x 40 cm, 선한 목자와 양, 1개","아트조이 DIY 보석십자수 캔버스형 30 x 40 cm, 푸른빛 고양이, 1개","케이엠엘리 3D 보석십자수 DIY 키트, 무지개에펠탑, 1개","아트조이 DIY 보석십자수 캔버스형 25 x 25 cm, 레인보우 나비, 1세트","아이러브페인팅 퍼니 DIY 보석십자수 10 x 15 cm, 플라밍고와 파인애플, 1세트","아트조이 DIY 보석 십자수 캔버스형 50 x 40 cm, 라벤더 꽃밭, 1개","아트조이 DIY 보석십자수 캔버스형 30 x 40 cm, 푸른 고래, 1개","케이엠엘리 3D 보석십자수 DIY 키트, 아기천사의소망, 1개","아트조이 DIY 보석십자수 캔버스형 25 x 25 cm, 노란 머리의 소녀, 1세트","아이러브페인팅 정물 DIY 보석십자수 50 x 40 cm, 황금모란꽃, 1세트","아트조이 DIY 보석 십자수 캔버스형 50 x 40 cm, 황금불상, 1개","아트조이 DIY 보석십자수 캔버스형 30 x 40 cm, 아이와 생명, 1개","케이엠엘리 3D 보석십자수 DIY 키트, 당신바라기, 1개","아트조이 DIY 보석십자수 캔버스형 25 x 25 cm, 핑크 머리의 소녀, 1세트",아이러브페인팅 DIY 보석십자수 전용 도구 세트,"아트조이 DIY 보석 십자수 캔버스형 50 x 40 cm, 황금카라, 1개","하링하링솝 슬기로운 비누생활 미니 비누 DIY 키트, 곤충박사","케이엠엘리 3D 보석십자수 DIY 키트, 봄을여는목련, 1개","아트조이 DIY 보석십자수 캔버스형 25 x 25 cm, 빨간 머리의 소녀, 1세트","케이엠엘리 보석 큐빅 십자수 3D 만들기DIY, 런던빅벤, 1개","아트조이 DIY 보석 십자수 캔버스형 50 x 40 cm, 금전공작, 1개","보석십자수 DIY 진격의거인 애니메이션 만화 비즈 큐빅 취미 장식소품, 30*40cm, 3","케이엠엘리 3D 보석십자수 DIY 키트, 달빛마을, 1개","아트조이 DIY 보석 십자수 캔버스형 50 x 40 cm, 찬란한 해바라기, 1개","아트조이 DIY 보석 십자수 캔버스형 50 x 40 cm, 아름다운 호수, 1개","아트조이 DIY 보석 십자수 캔버스형 50 x 40 cm, 용호상박, 1개","아트조이 DIY 보석 십자수 캔버스형 50 x 40 cm, 백조 호수, 1개","아트조이 DIY 보석 십자수 캔버스형 50 x 40 cm, 청명한 해바라기, 1개","아트조이 DIY 보석 십자수 캔버스형 50 x 40 cm, 꽃의 나라, 1개","아트조이 DIY 보석 십자수 캔버스형 50 x 40 cm, 웃는 달마, 1개","아트조이 DIY 보석 십자수 캔버스형 50 x 40 cm, 황금꽃길, 1개","아트조이 DIY 보석 십자수 캔버스형 50 x 40 cm, 라벤더 여인, 1개","아트조이 DIY 보석 십자수 캔버스형 50 x 40 cm, 황금나무와 공작, 1개","케이엠엘리 3D 보석십자수 DIY 키트, 고양이커플, 1개","케이엠엘리 3D 보석십자수 DIY 키트, 별이빛나는밤에, 1개","케이엠엘리 보석 큐빅 십자수 3D 만들기DIY, 코코, 1개","케이엠엘리 보석 큐빅 십자수 3D 만들기DIY, 달빛로맨스, 1개","케이엠엘리 보석 큐빅 십자수 3D 만들기DIY, 라이온킹, 1개","보석십자수 DIY 진격의거인 애니메이션 만화 비즈 큐빅 취미 장식소품, 30*40cm, 6","보석십자수 DIY 진격의거인 애니메이션 만화 비즈 큐빅 취미 장식소품, 30*40cm, 4"
productPrice,18810,17010,36000,18740,11610,18810,17010,46660,18740,27500,18810,17010,46660,58160,12020,20900,17010,38000,53100,12020,20900,17010,34210,53100,11610,20900,17010,34210,53100,8900,18810,17010,52560,41740,12900,18810,17010,55320,70000,6210,18810,17010,51100,8420,5940,18810,17010,30050,11610,6210,18810,17010,55320,12900,22640,18810,17010,42770,11610,7230,18810,17010,41910,11610,4720,20900,17010,42770,11610,21800,20900,17380,33740,11610,4650,20900,25900,34210,11610,67410,18810,15750,28300,18810,18810,18810,18810,18810,18810,18810,18810,20900,18810,28300,42770,53540,64530,59360,15750,15750
productImage,https://static.coupangcdn.com/image/retail/images/2020/02/28/16/5/e8d2e107-d1e8-4453-a54e-093faecbd736.jpg,https://static.coupangcdn.com/image/retail/images/2020/02/28/16/0/2b91f616-5c98-4248-8893-08554aa0d9b1.jpg,https://static.coupangcdn.com/image/retail/images/2016/04/04/14/5/2b28c644-b666-4818-b1a1-98f121357aa0.jpg,https://static.coupangcdn.com/image/retail/images/2020/07/16/11/9/28909518-a893-4397-986a-13ec7644b49d.jpg,https://static.coupangcdn.com/image/retail/images/2020/02/28/16/6/c9af503b-fef8-44e5-a69a-6f3804b51d53.jpg,https://static.coupangcdn.com/image/retail/images/2020/02/28/16/8/17a5935e-1a3b-4262-9778-3276e52df158.jpg,https://static.coupangcdn.com/image/retail/images/2020/02/28/16/4/710351e7-d435-4244-816b-b0d70b9c80ab.jpg,https://static.coupangcdn.com/image/retail/images/2016/04/04/14/9/c186ac3c-071d-4f95-9dd2-ecbbb51651c4.jpg,https://static.coupangcdn.com/image/retail/images/2020/07/16/11/2/9de59266-d62a-4a7f-b3b1-a3fe65ec9d95.jpg,https://static.coupangcdn.com/image/retail/images/2016/08/11/15/4/7445a6a8-3396-48cd-b846-597cc04bef9f.jpg,https://static.coupangcdn.com/image/retail/images/2020/02/28/16/5/38645f0b-3619-4283-a6e4-15e02b07991f.jpg,https://static.coupangcdn.com/image/retail/images/2020/02/28/16/4/386c5746-7b27-4486-ba28-d8d839a3936c.jpg,https://static.coupangcdn.com/image/retail/images/2016/04/04/14/3/1b19143c-3021-4c45-8fe9-4478f35479b6.jpg,https://static.coupangcdn.com/image/retail/images/2016/08/11/15/5/d257afaa-b77f-4258-b9a2-b4c58a5e371b.jpg,https://static.coupangcdn.com/image/retail/images/2020/01/20/9/7/3e3e5523-dfba-4eeb-ba8a-7534fdc2b000.jpg,https://static.coupangcdn.com/image/retail/images/2020/02/28/16/9/f6662a39-60f1-42e8-8f7e-f04cebee12d1.jpg,https://static.coupangcdn.com/image/retail/images/2020/02/28/16/3/3459425a-ef2f-4ac8-90e7-2453f433ec13.jpg,https://static.coupangcdn.com/image/retail/images/2016/04/04/14/1/bcf8bc36-3630-4533-9f24-0d0b2ca399a6.jpg,https://static.coupangcdn.com/image/retail/images/2020/02/28/16/0/18317ffa-17b7-4159-9f63-fbf8141a0513.jpg,https://static.coupangcdn.com/image/retail/images/2020/01/20/9/5/1fa13d09-04df-4b97-b9fc-e6974c5189b4.jpg,https://static.coupangcdn.com/image/retail/images/2020/02/28/16/6/61c5380c-c458-4846-850c-eb7203ae7430.jpg,https://static.coupangcdn.com/image/retail/images/2020/02/28/16/0/f1dd0a44-2317-493f-a2de-d249099842af.jpg,https://static.coupangcdn.com/image/retail/images/2016/04/04/14/7/c33b3bb9-ad7e-4929-ab33-0eac8d7b00b5.jpg,https://static.coupangcdn.com/image/retail/images/2020/02/28/16/6/7c428ed2-805a-43e6-a258-88151eb54a26.jpg,https://static.coupangcdn.com/image/retail/images/2020/02/28/16/1/bf3f4a2e-693a-48d3-a72f-ab85bc1c66c8.jpg,https://static.coupangcdn.com/image/retail/images/2020/02/28/16/8/f50505d4-325e-44cd-a7b7-bebe12597997.jpg,https://static.coupangcdn.com/image/retail/images/2020/02/28/16/5/5a8dae82-518e-45cd-abb4-db9e01baeb27.jpg,https://static.coupangcdn.com/image/retail/images/2016/04/04/14/1/361a45b8-58d6-4521-bd67-d0c571582e61.jpg,https://static.coupangcdn.com/image/retail/images/2020/02/28/16/0/60072e0b-71a6-421a-958a-7a3009e297e5.jpg,https://static.coupangcdn.com/image/vendor_inventory/5880/2dff124611e5ec914c44f1469b91ceab0ce06efbc07df8be9d79b5d3ad7d.jpg,https://static.coupangcdn.com/image/retail/images/2020/02/28/16/3/b117d474-91ca-45b3-bb8f-068e117aac85.jpg,https://static.coupangcdn.com/image/retail/images/2020/02/28/16/8/b2f80ddb-ef94-42b3-be3d-edb9733b5054.jpg,https://static.coupangcdn.com/image/retail/images/2016/02/22/18/1/208e9954-ca5e-49ec-a94c-ec23db4eae3f.jpg,https://static.coupangcdn.com/image/retail/images/2016/08/11/15/6/66ab1235-c7ec-4224-9f65-a7f8b51a04af.jpg,https://static.coupangcdn.com/image/retail/images/2020/02/28/16/7/a7ae6072-2145-4dba-9b07-99a1877ef15e.jpg,https://static.coupangcdn.com/image/retail/images/2020/02/28/16/9/d4449b81-1512-4717-8900-4c9b97d43b0a.jpg,https://static.coupangcdn.com/image/retail/images/2020/02/28/16/7/f6dfd7c8-13e5-4808-bcfc-2f5f0130c594.jpg,https://static.coupangcdn.com/image/retail/images/2016/04/04/14/3/cdac9549-e47e-4510-889a-a8d8d82c8144.jpg,https://static.coupangcdn.com/image/retail/images/2016/08/11/15/0/f807b913-cd03-4c7a-83bc-a128f08263a1.jpg,https://static.coupangcdn.com/image/retail/images/1983035194995333-61eacf20-4f70-4669-b440-aebf6d69dad6.jpg,https://static.coupangcdn.com/image/retail/images/2020/02/28/16/9/bf75119f-abf9-41aa-b3ee-38649faa16d4.jpg,https://static.coupangcdn.com/image/retail/images/2020/02/28/16/0/6ed85dae-7412-4383-9fe2-e4f64300af89.jpg,https://static.coupangcdn.com/image/retail/images/2016/04/04/14/9/5fd98542-d9f5-464a-aa73-0ac90157b85b.jpg,https://static.coupangcdn.com/image/retail/images/2019/08/06/10/3/7c0d5766-96f8-4e50-a7fe-e455bbc370a4.jpg,https://static.coupangcdn.com/image/product/image/vendoritem/2017/02/01/3082059818/2db04f78-8673-4ae4-9d16-efdffb356c9e.jpg,https://static.coupangcdn.com/image/retail/images/2020/02/28/16/7/8efa5999-0e73-4050-9f70-71242d0e895b.jpg,https://static.coupangcdn.com/image/retail/images/2020/02/28/16/8/ca6e447a-2980-4de9-bb05-7c285ef60978.jpg,https://static.coupangcdn.com/image/retail/images/2016/04/04/14/7/b0c3aeba-79df-4e3c-b3ea-ba9a7935c136.jpg,https://static.coupangcdn.com/image/retail/images/2020/02/28/16/2/343f5f71-0bd3-4963-9889-a6250eea89fa.jpg,https://static.coupangcdn.com/image/retail/images/1983331607143958-4c2bce60-0ae5-468e-92b6-82a7b1fc507b.jpg,https://static.coupangcdn.com/image/retail/images/2020/02/28/16/1/3780b43f-9d60-425f-adbf-47d789166a2e.jpg,https://static.coupangcdn.com/image/retail/images/2020/02/28/16/0/4505042f-d5ec-427b-aff2-8e4c84ea8164.jpg,https://static.coupangcdn.com/image/retail/images/2016/04/04/14/8/7fa3b3d4-3143-4590-9727-1a3dd120786c.jpg,https://static.coupangcdn.com/image/retail/images/2020/02/28/16/8/753ea58f-2598-4f88-a7b6-6f1433d95b12.jpg,https://static.coupangcdn.com/image/retail/images/2016/08/11/15/8/5b435daa-8a78-40ac-b0e2-49e9ac5072cd.jpg,https://static.coupangcdn.com/image/retail/images/2020/02/28/16/3/2e056a5c-f822-4d44-8011-24260d0df26a.jpg,https://static.coupangcdn.com/image/retail/images/2020/02/28/16/1/912dc6d9-2fe5-489d-ba03-f52834b96d5a.jpg,https://static.coupangcdn.com/image/retail/images/2016/04/04/14/4/2a8c1fad-d5ee-4d19-830b-0dabcc80d4a3.jpg,https://static.coupangcdn.com/image/retail/images/2020/02/28/16/8/eabd3408-3906-4d86-8f38-aeb8bf09f0da.jpg,https://static.coupangcdn.com/image/retail/images/1979890559149277-ae007e75-cee2-4527-ba5b-0973900512f1.jpg,https://static.coupangcdn.com/image/retail/images/2020/02/28/16/6/7526785c-9816-4581-ad24-279d63293c0a.jpg,https://static.coupangcdn.com/image/retail/images/2020/02/28/16/3/49a96d4b-1880-481d-b45d-aedc88bbf8ee.jpg,https://static.coupangcdn.com/image/retail/images/2016/04/04/14/4/26d958df-2d97-44ae-a519-4c3cf4e2b577.jpg,https://static.coupangcdn.com/image/retail/images/2020/02/28/16/1/31a4703f-db81-47de-8941-0a9e4ae7bbdd.jpg,https://static.coupangcdn.com/image/retail/images/1989092598716969-6d1609ac-1df7-4c1f-be1d-39aec138b682.jpg,https://static.coupangcdn.com/image/retail/images/2020/02/28/16/4/998c144f-8e84-4f5e-9501-64034db1042a.jpg,https://static.coupangcdn.com/image/retail/images/2020/02/28/16/2/b6406f9e-52a8-40a3-9c74-72c6a4f44c36.jpg,https://static.coupangcdn.com/image/retail/images/2016/04/04/14/2/8c718aa8-f133-4aa2-a052-d963407a0532.jpg,https://static.coupangcdn.com/image/retail/images/2020/02/28/16/8/e4b1c6c1-b46e-4e55-a956-9435861c53c1.jpg,https://static.coupangcdn.com/image/retail/images/1072930960860-18a62718-af92-4e57-8179-2654f8b8454a.jpg,https://static.coupangcdn.com/image/retail/images/2020/02/28/16/5/65856dbb-e675-4b21-8518-d06419740748.jpg,https://static.coupangcdn.com/image/retail/images/2020/02/28/16/6/d768c534-277d-4f56-ab0a-6d6670075cb1.jpg,https://static.coupangcdn.com/image/retail/images/2016/04/04/14/1/e10a2be4-320f-4b78-ad02-0ee9e481c575.jpg,https://static.coupangcdn.com/image/retail/images/2020/02/28/16/0/d615977d-cc98-4362-91d9-60f8a5b61c3e.jpg,https://static.coupangcdn.com/image/retail/images/2020/07/16/11/7/9e15786e-2992-4cd1-852e-1576903a91c5.jpg,https://static.coupangcdn.com/image/retail/images/2020/02/28/16/1/1612afbb-ce95-428e-a9a7-2da86dffe744.jpg,https://static.coupangcdn.com/image/retail/images/514341311425054-be2e950b-ab6f-4e5e-b989-f128188c15da.jpg,https://static.coupangcdn.com/image/retail/images/2016/04/04/14/2/8dbc2723-47cb-459e-943d-82e14259dcda.jpg,https://static.coupangcdn.com/image/retail/images/2020/02/28/16/0/ccc9e305-ce22-40e9-8e70-e348a23d90b4.jpg,https://static.coupangcdn.com/image/retail/images/2016/02/22/18/4/a0c59416-006d-4b94-ab49-0f5438e34984.jpg,https://static.coupangcdn.com/image/retail/images/2020/02/28/16/1/81c3346f-216c-49c5-a1a5-32b372b707d7.jpg,https://static.coupangcdn.com/image/vendor_inventory/614a/9116b663f0d1a41c43e5643d99cf5f6cbdf391b2dbe9de2d5622d26e572e.jpg,https://static.coupangcdn.com/image/retail/images/2016/04/04/14/4/5278210f-08b0-47b2-adff-8c6f3e5fd42b.jpg,https://static.coupangcdn.com/image/retail/images/2020/02/28/16/1/477a7a96-4c46-4dbf-be3b-52a2bb06e1d2.jpg,https://static.coupangcdn.com/image/retail/images/2020/02/28/16/5/4343be52-5f7f-4d7b-b47f-776f6402e0e5.jpg,https://static.coupangcdn.com/image/retail/images/2020/02/28/16/1/a639be46-5796-47ee-b16b-00cf41d455ac.jpg,https://static.coupangcdn.com/image/retail/images/2020/02/28/16/5/3ae3b50d-788d-432e-bec8-0acf6140fdde.jpg,https://static.coupangcdn.com/image/retail/images/2020/02/28/16/9/9d065a14-c711-49d4-b9d0-858c2c5fc2db.jpg,https://static.coupangcdn.com/image/retail/images/2020/02/28/16/7/c5694d9e-ab0a-40b5-a0df-541e1023cb10.jpg,https://static.coupangcdn.com/image/retail/images/2020/02/28/16/0/95602fa0-e603-4aa5-b7a7-627ec5a5d5a7.jpg,https://static.coupangcdn.com/image/retail/images/2020/02/28/16/3/f690dc8c-42f4-469b-bbae-2cd86a9ae592.jpg,https://static.coupangcdn.com/image/retail/images/2020/02/28/16/7/87eb3a7b-a4c1-4c95-b69e-9182a44c659e.jpg,https://static.coupangcdn.com/image/retail/images/2020/02/28/16/5/e8a709c3-4c18-49ad-bd87-8807576387e1.jpg,https://static.coupangcdn.com/image/retail/images/2016/04/04/14/1/c8136068-4b7d-41ac-95da-4cba9c728bd0.jpg,https://static.coupangcdn.com/image/retail/images/2016/04/04/14/8/1533e8d2-93e9-4b67-aa14-f5c608d7bd34.jpg,https://static.coupangcdn.com/image/retail/images/2016/02/22/18/5/31f73f60-d2ed-4d21-9f4e-3d901cb757d9.jpg,https://static.coupangcdn.com/image/retail/images/2016/02/22/18/6/cdad16cd-7472-432a-b157-3e73b950e661.jpg,https://static.coupangcdn.com/image/retail/images/2016/02/22/18/7/c44a0be5-5a5e-46a6-8d28-c64ee8a21ce6.jpg,https://static.coupangcdn.com/image/vendor_inventory/4f70/95a10398ff731609f10685d1f884a5b8cb85f6b3eac6f54b1a850b1c540a.jpg,https://static.coupangcdn.com/image/vendor_inventory/7e38/582bb60ed45397a79cfb12185d4cb8cbf83b63b9fc432bb4cc221bc3bbbc.jpg
productUrl,https://link.coupang.com/re/AFFSDP?lptag=AF8241562&pageKey=195416219&itemId=2326228475&vendorItemId=70322859709&traceid=V0-153-7a28bce987c9c391,https://link.coupang.com/re/AFFSDP?lptag=AF8241562&pageKey=1309725032&itemId=2326228901&vendorItemId=70322860174&traceid=V0-153-be585914022cd9d1,https://link.coupang.com/re/AFFSDP?lptag=AF8241562&pageKey=2570960&itemId=11882198&vendorItemId=3018078027&traceid=V0-153-d6c750b3929f194a,https://link.coupang.com/re/AFFSDP?lptag=AF8241562&pageKey=1835060041&itemId=3120689707&vendorItemId=71108402195&traceid=V0-153-e8efde0ec01f9558,https://link.coupang.com/re/AFFSDP?lptag=AF8241562&pageKey=195468222&itemId=2326228161&vendorItemId=70322859446&traceid=V0-153-5787228c7b48868a,https://link.coupang.com/re/AFFSDP?lptag=AF8241562&pageKey=195416219&itemId=2326228489&vendorItemId=70322859806&traceid=V0-153-7a28bce987c9c391,https://link.coupang.com/re/AFFSDP?lptag=AF8241562&pageKey=1309725032&itemId=2326228920&vendorItemId=70322860260&traceid=V0-153-be585914022cd9d1,https://link.coupang.com/re/AFFSDP?lptag=AF8241562&pageKey=2570960&itemId=11882194&vendorItemId=3018078015&traceid=V0-153-d6c750b3929f194a,https://link.coupang.com/re/AFFSDP?lptag=AF8241562&pageKey=1835060041&itemId=3120689705&vendorItemId=71108402174&traceid=V0-153-e8efde0ec01f9558,https://link.coupang.com/re/AFFSDP?lptag=AF8241562&pageKey=6149541&itemId=27502060&vendorItemId=3040782375&traceid=V0-153-336a05c47d4b64d7,https://link.coupang.com/re/AFFSDP?lptag=AF8241562&pageKey=195416219&itemId=2326228490&vendorItemId=70322859813&traceid=V0-153-7a28bce987c9c391,https://link.coupang.com/re/AFFSDP?lptag=AF8241562&pageKey=1309725032&itemId=2326228891&vendorItemId=70322860115&traceid=V0-153-be585914022cd9d1,https://link.coupang.com/re/AFFSDP?lptag=AF8241562&pageKey=2570960&itemId=11882201&vendorItemId=3018078037&traceid=V0-153-d6c750b3929f194a,https://link.coupang.com/re/AFFSDP?lptag=AF8241562&pageKey=6149579&itemId=27502098&vendorItemId=3040781247&traceid=V0-153-f3406a2e69420e8f,https://link.coupang.com/re/AFFSDP?lptag=AF8241562&pageKey=1201969052&itemId=2187148015&vendorItemId=70185146245&traceid=V0-153-79aa60c4221e9443,https://link.coupang.com/re/AFFSDP?lptag=AF8241562&pageKey=195416219&itemId=2326228486&vendorItemId=70322859793&traceid=V0-153-7a28bce987c9c391,https://link.coupang.com/re/AFFSDP?lptag=AF8241562&pageKey=1309725032&itemId=2326228895&vendorItemId=70322860140&traceid=V0-153-be585914022cd9d1,https://link.coupang.com/re/AFFSDP?lptag=AF8241562&pageKey=2570960&itemId=11882202&vendorItemId=3018078040&traceid=V0-153-d6c750b3929f194a,https://link.coupang.com/re/AFFSDP?lptag=AF8241562&pageKey=1309724250&itemId=2326228115&vendorItemId=70322859457&traceid=V0-153-2d0a05712cadda02,https://link.coupang.com/re/AFFSDP?lptag=AF8241562&pageKey=1201969052&itemId=2187148014&vendorItemId=70185146242&traceid=V0-153-79aa60c4221e9443,https://link.coupang.com/re/AFFSDP?lptag=AF8241562&pageKey=195416219&itemId=2326228471&vendorItemId=70322859652&traceid=V0-153-7a28bce987c9c391,https://link.coupang.com/re/AFFSDP?lptag=AF8241562&pageKey=1309725032&itemId=2326228915&vendorItemId=70322860229&traceid=V0-153-be585914022cd9d1,https://link.coupang.com/re/AFFSDP?lptag=AF8241562&pageKey=2570960&itemId=11882183&vendorItemId=3018077721&traceid=V0-153-d6c750b3929f194a,https://link.coupang.com/re/AFFSDP?lptag=AF8241562&pageKey=1309724250&itemId=2326228114&vendorItemId=70322859448&traceid=V0-153-2d0a05712cadda02,https://link.coupang.com/re/AFFSDP?lptag=AF8241562&pageKey=195468222&itemId=2326228162&vendorItemId=70322859447&traceid=V0-153-5787228c7b48868a,https://link.coupang.com/re/AFFSDP?lptag=AF8241562&pageKey=195416219&itemId=2326228468&vendorItemId=70322859636&traceid=V0-153-7a28bce987c9c391,https://link.coupang.com/re/AFFSDP?lptag=AF8241562&pageKey=1309725032&itemId=2326228912&vendorItemId=70322860223&traceid=V0-153-be585914022cd9d1,https://link.coupang.com/re/AFFSDP?lptag=AF8241562&pageKey=2570960&itemId=11882175&vendorItemId=3018077699&traceid=V0-153-d6c750b3929f194a,https://link.coupang.com/re/AFFSDP?lptag=AF8241562&pageKey=1309724250&itemId=2326228116&vendorItemId=70322859475&traceid=V0-153-2d0a05712cadda02,https://link.coupang.com/re/AFFSDP?lptag=AF8241562&pageKey=4832841017&itemId=6238202705&vendorItemId=73534015833&traceid=V0-153-d8d56a46e6464484,https://link.coupang.com/re/AFFSDP?lptag=AF8241562&pageKey=195416219&itemId=2326228470&vendorItemId=70322859650&traceid=V0-153-7a28bce987c9c391,https://link.coupang.com/re/AFFSDP?lptag=AF8241562&pageKey=1309725032&itemId=2326228898&vendorItemId=70322860160&traceid=V0-153-be585914022cd9d1,https://link.coupang.com/re/AFFSDP?lptag=AF8241562&pageKey=2570960&itemId=11882164&vendorItemId=3018077658&traceid=V0-153-d6c750b3929f194a,https://link.coupang.com/re/AFFSDP?lptag=AF8241562&pageKey=34380701&itemId=128299060&vendorItemId=3265633779&traceid=V0-153-dc916f5024154c64,https://link.coupang.com/re/AFFSDP?lptag=AF8241562&pageKey=195468222&itemId=2326228160&vendorItemId=70322859441&traceid=V0-153-5787228c7b48868a,https://link.coupang.com/re/AFFSDP?lptag=AF8241562&pageKey=195416219&itemId=2326228467&vendorItemId=70322859619&traceid=V0-153-7a28bce987c9c391,https://link.coupang.com/re/AFFSDP?lptag=AF8241562&pageKey=1309725032&itemId=2326228906&vendorItemId=70322860190&traceid=V0-153-be585914022cd9d1,https://link.coupang.com/re/AFFSDP?lptag=AF8241562&pageKey=2570960&itemId=11882199&vendorItemId=3018078030&traceid=V0-153-d6c750b3929f194a,https://link.coupang.com/re/AFFSDP?lptag=AF8241562&pageKey=6149564&itemId=27502083&vendorItemId=3040782355&traceid=V0-153-635b314e3bcdcc7f,https://link.coupang.com/re/AFFSDP?lptag=AF8241562&pageKey=1835060785&itemId=3120690782&vendorItemId=71108403367&traceid=V0-153-1793a3dc76f18189,https://link.coupang.com/re/AFFSDP?lptag=AF8241562&pageKey=195416219&itemId=2326228474&vendorItemId=70322859695&traceid=V0-153-7a28bce987c9c391,https://link.coupang.com/re/AFFSDP?lptag=AF8241562&pageKey=1309725032&itemId=2326228902&vendorItemId=70322860181&traceid=V0-153-be585914022cd9d1,https://link.coupang.com/re/AFFSDP?lptag=AF8241562&pageKey=2570960&itemId=11882170&vendorItemId=3018077679&traceid=V0-153-d6c750b3929f194a,https://link.coupang.com/re/AFFSDP?lptag=AF8241562&pageKey=274735434&itemId=867880809&vendorItemId=5196414964&traceid=V0-153-e02bc2d2a19275e8,https://link.coupang.com/re/AFFSDP?lptag=AF8241562&pageKey=25912714&itemId=100810308&vendorItemId=3185989885&traceid=V0-153-ddf0f6e399e907c0,https://link.coupang.com/re/AFFSDP?lptag=AF8241562&pageKey=195416219&itemId=2326228484&vendorItemId=70322859772&traceid=V0-153-7a28bce987c9c391,https://link.coupang.com/re/AFFSDP?lptag=AF8241562&pageKey=1309725032&itemId=2326228903&vendorItemId=70322860183&traceid=V0-153-be585914022cd9d1,https://link.coupang.com/re/AFFSDP?lptag=AF8241562&pageKey=2570960&itemId=11882187&vendorItemId=3018077817&traceid=V0-153-d6c750b3929f194a,https://link.coupang.com/re/AFFSDP?lptag=AF8241562&pageKey=195468222&itemId=2326228165&vendorItemId=70322859481&traceid=V0-153-5787228c7b48868a,https://link.coupang.com/re/AFFSDP?lptag=AF8241562&pageKey=1835060785&itemId=3120690761&vendorItemId=71108403179&traceid=V0-153-1793a3dc76f18189,https://link.coupang.com/re/AFFSDP?lptag=AF8241562&pageKey=195416219&itemId=2326228481&vendorItemId=70322859743&traceid=V0-153-7a28bce987c9c391,https://link.coupang.com/re/AFFSDP?lptag=AF8241562&pageKey=1309725032&itemId=2326228893&vendorItemId=70322860133&traceid=V0-153-be585914022cd9d1,https://link.coupang.com/re/AFFSDP?lptag=AF8241562&pageKey=2570960&itemId=11882189&vendorItemId=3018077997&traceid=V0-153-d6c750b3929f194a,https://link.coupang.com/re/AFFSDP?lptag=AF8241562&pageKey=195468222&itemId=2326228159&vendorItemId=70322859428&traceid=V0-153-5787228c7b48868a,https://link.coupang.com/re/AFFSDP?lptag=AF8241562&pageKey=6149422&itemId=27501936&vendorItemId=3040781832&traceid=V0-153-75fc61ec8173de89,https://link.coupang.com/re/AFFSDP?lptag=AF8241562&pageKey=195416219&itemId=2326228483&vendorItemId=70322859763&traceid=V0-153-7a28bce987c9c391,https://link.coupang.com/re/AFFSDP?lptag=AF8241562&pageKey=1309725032&itemId=2326228907&vendorItemId=70322860191&traceid=V0-153-be585914022cd9d1,https://link.coupang.com/re/AFFSDP?lptag=AF8241562&pageKey=2570960&itemId=11882193&vendorItemId=3018078012&traceid=V0-153-d6c750b3929f194a,https://link.coupang.com/re/AFFSDP?lptag=AF8241562&pageKey=195468222&itemId=2326228164&vendorItemId=70322859470&traceid=V0-153-5787228c7b48868a,https://link.coupang.com/re/AFFSDP?lptag=AF8241562&pageKey=1835059787&itemId=3120689331&vendorItemId=71108401820&traceid=V0-153-6998cc24a3348989,https://link.coupang.com/re/AFFSDP?lptag=AF8241562&pageKey=195416219&itemId=2326228487&vendorItemId=70322859798&traceid=V0-153-7a28bce987c9c391,https://link.coupang.com/re/AFFSDP?lptag=AF8241562&pageKey=1309725032&itemId=2326228904&vendorItemId=70322860185&traceid=V0-153-be585914022cd9d1,https://link.coupang.com/re/AFFSDP?lptag=AF8241562&pageKey=2570960&itemId=11882184&vendorItemId=3018077725&traceid=V0-153-d6c750b3929f194a,https://link.coupang.com/re/AFFSDP?lptag=AF8241562&pageKey=195468222&itemId=2326228167&vendorItemId=70322859498&traceid=V0-153-5787228c7b48868a,https://link.coupang.com/re/AFFSDP?lptag=AF8241562&pageKey=1835060507&itemId=3120690485&vendorItemId=71108402893&traceid=V0-153-6ba4ab221461f6b4,https://link.coupang.com/re/AFFSDP?lptag=AF8241562&pageKey=195416219&itemId=2326228469&vendorItemId=70322859645&traceid=V0-153-7a28bce987c9c391,https://link.coupang.com/re/AFFSDP?lptag=AF8241562&pageKey=1309725032&itemId=2326228909&vendorItemId=70322860204&traceid=V0-153-be585914022cd9d1,https://link.coupang.com/re/AFFSDP?lptag=AF8241562&pageKey=2570960&itemId=11882204&vendorItemId=3018078042&traceid=V0-153-d6c750b3929f194a,https://link.coupang.com/re/AFFSDP?lptag=AF8241562&pageKey=195468222&itemId=2326228168&vendorItemId=70322859510&traceid=V0-153-5787228c7b48868a,https://link.coupang.com/re/AFFSDP?lptag=AF8241562&pageKey=2040473827&itemId=3468959375&vendorItemId=71108403877&traceid=V0-153-14db22ce92e25862,https://link.coupang.com/re/AFFSDP?lptag=AF8241562&pageKey=195416219&itemId=2326228495&vendorItemId=70322859854&traceid=V0-153-7a28bce987c9c391,https://link.coupang.com/re/AFFSDP?lptag=AF8241562&pageKey=1309725032&itemId=2326228905&vendorItemId=70322860188&traceid=V0-153-be585914022cd9d1,https://link.coupang.com/re/AFFSDP?lptag=AF8241562&pageKey=2570960&itemId=11882200&vendorItemId=3018078033&traceid=V0-153-d6c750b3929f194a,https://link.coupang.com/re/AFFSDP?lptag=AF8241562&pageKey=195468222&itemId=2326228170&vendorItemId=70322859522&traceid=V0-153-5787228c7b48868a,https://link.coupang.com/re/AFFSDP?lptag=AF8241562&pageKey=1864059394&itemId=3168506250&vendorItemId=74300618486&traceid=V0-153-9aa18c1404683abd,https://link.coupang.com/re/AFFSDP?lptag=AF8241562&pageKey=195416219&itemId=2326228482&vendorItemId=70322859752&traceid=V0-153-7a28bce987c9c391,https://link.coupang.com/re/AFFSDP?lptag=AF8241562&pageKey=1624931538&itemId=2772341756&vendorItemId=70762168871&traceid=V0-153-3aea5086efe612ef,https://link.coupang.com/re/AFFSDP?lptag=AF8241562&pageKey=2570960&itemId=11882195&vendorItemId=3018078018&traceid=V0-153-d6c750b3929f194a,https://link.coupang.com/re/AFFSDP?lptag=AF8241562&pageKey=195468222&itemId=2326228169&vendorItemId=70322859514&traceid=V0-153-5787228c7b48868a,https://link.coupang.com/re/AFFSDP?lptag=AF8241562&pageKey=2048327&itemId=9212047&vendorItemId=3013222975&traceid=V0-153-20becc997f20a7a9,https://link.coupang.com/re/AFFSDP?lptag=AF8241562&pageKey=195416219&itemId=2326228492&vendorItemId=70322859830&traceid=V0-153-7a28bce987c9c391,https://link.coupang.com/re/AFFSDP?lptag=AF8241562&pageKey=5176184381&itemId=7153104985&vendorItemId=74444814443&traceid=V0-153-aaa8e5de5ffd375c,https://link.coupang.com/re/AFFSDP?lptag=AF8241562&pageKey=2570960&itemId=11882173&vendorItemId=3018077689&traceid=V0-153-d6c750b3929f194a,https://link.coupang.com/re/AFFSDP?lptag=AF8241562&pageKey=195416219&itemId=2326228472&vendorItemId=70322859656&traceid=V0-153-7a28bce987c9c391,https://link.coupang.com/re/AFFSDP?lptag=AF8241562&pageKey=195416219&itemId=2326228494&vendorItemId=70322859850&traceid=V0-153-7a28bce987c9c391,https://link.coupang.com/re/AFFSDP?lptag=AF8241562&pageKey=195416219&itemId=2326228480&vendorItemId=70322859738&traceid=V0-153-7a28bce987c9c391,https://link.coupang.com/re/AFFSDP?lptag=AF8241562&pageKey=195416219&itemId=2326228478&vendorItemId=70322859727&traceid=V0-153-7a28bce987c9c391,https://link.coupang.com/re/AFFSDP?lptag=AF8241562&pageKey=195416219&itemId=2326228477&vendorItemId=70322859722&traceid=V0-153-7a28bce987c9c391,https://link.coupang.com/re/AFFSDP?lptag=AF8241562&pageKey=195416219&itemId=2326228476&vendorItemId=70322859716&traceid=V0-153-7a28bce987c9c391,https://link.coupang.com/re/AFFSDP?lptag=AF8241562&pageKey=195416219&itemId=2326228491&vendorItemId=70322859822&traceid=V0-153-7a28bce987c9c391,https://link.coupang.com/re/AFFSDP?lptag=AF8241562&pageKey=195416219&itemId=2326228479&vendorItemId=70322859729&traceid=V0-153-7a28bce987c9c391,https://link.coupang.com/re/AFFSDP?lptag=AF8241562&pageKey=195416219&itemId=2326228473&vendorItemId=70322859677&traceid=V0-153-7a28bce987c9c391,https://link.coupang.com/re/AFFSDP?lptag=AF8241562&pageKey=195416219&itemId=2326228485&vendorItemId=70322859779&traceid=V0-153-7a28bce987c9c391,https://link.coupang.com/re/AFFSDP?lptag=AF8241562&pageKey=2570960&itemId=11882182&vendorItemId=3018077718&traceid=V0-153-d6c750b3929f194a,https://link.coupang.com/re/AFFSDP?lptag=AF8241562&pageKey=2570960&itemId=11882197&vendorItemId=3018078024&traceid=V0-153-d6c750b3929f194a,https://link.coupang.com/re/AFFSDP?lptag=AF8241562&pageKey=2048327&itemId=9212056&vendorItemId=3013223330&traceid=V0-153-20becc997f20a7a9,https://link.coupang.com/re/AFFSDP?lptag=AF8241562&pageKey=2048327&itemId=9212001&vendorItemId=3013222274&traceid=V0-153-20becc997f20a7a9,https://link.coupang.com/re/AFFSDP?lptag=AF8241562&pageKey=2048327&itemId=9212049&vendorItemId=3013223231&traceid=V0-153-20becc997f20a7a9,https://link.coupang.com/re/AFFSDP?lptag=AF8241562&pageKey=5176184381&itemId=7153104980&vendorItemId=74444814418&traceid=V0-153-aaa8e5de5ffd375c,https://link.coupang.com/re/AFFSDP?lptag=AF8241562&pageKey=5176184381&itemId=7153104967&vendorItemId=74444814363&traceid=V0-153-aaa8e5de5ffd375c
keyword,취미용품,취미용품,취미용품,취미용품,취미용품,취미용품,취미용품,취미용품,취미용품,취미용품,취미용품,취미용품,취미용품,취미용품,취미용품,취미용품,취미용품,취미용품,취미용품,취미용품,취미용품,취미용품,취미용품,취미용품,취미용품,취미용품,취미용품,취미용품,취미용품,취미용품,취미용품,취미용품,취미용품,취미용품,취미용품,취미용품,취미용품,취미용품,취미용품,취미용품,취미용품,취미용품,취미용품,취미용품,취미용품,취미용품,취미용품,취미용품,취미용품,취미용품,취미용품,취미용품,취미용품,취미용품,취미용품,취미용품,취미용품,취미용품,취미용품,취미용품,취미용품,취미용품,취미용품,취미용품,취미용품,취미용품,취미용품,취미용품,취미용품,취미용품,취미용품,취미용품,취미용품,취미용품,취미용품,취미용품,취미용품,취미용품,취미용품,취미용품,취미용품,취미용품,취미용품,취미용품,취미용품,취미용품,취미용품,취미용품,취미용품,취미용품,취미용품,취미용품,취미용품,취미용품,취미용품,취미용품,취미용품,취미용품,취미용품,취미용품
rank,1,2,3,4,5,6,7,8,9,10,11,12,13,14,15,16,17,18,19,20,21,22,23,24,25,26,27,28,29,30,31,32,33,34,35,36,37,38,39,40,41,42,43,44,45,46,47,48,49,50,51,52,53,54,55,56,57,58,59,60,61,62,63,64,65,66,67,68,69,70,71,72,73,74,75,76,77,78,79,80,81,82,83,84,85,86,87,88,89,90,91,92,93,94,95,96,97,98,99,100
isRocket,True,True,True,True,True,True,True,True,True,True,True,True,True,True,True,True,True,True,True,True,True,True,True,True,True,True,True,True,True,False,True,True,True,True,True,True,True,True,True,True,True,True,True,True,True,True,True,True,True,True,True,True,True,True,True,True,True,True,True,True,True,True,True,True,True,True,True,True,True,True,True,True,True,True,False,True,True,True,True,True,True,False,True,True,True,True,True,True,True,True,True,True,True,True,True,True,True,True,False,False
isFreeShipping,False,False,False,False,False,False,False,False,False,False,False,False,False,False,False,False,False,False,False,False,False,False,False,False,False,False,False,False,False,True,False,False,False,False,False,False,False,False,False,False,False,False,False,False,False,False,False,False,False,False,False,False,False,False,False,False,False,False,False,False,False,False,False,False,False,False,False,False,False,False,False,False,False,False,True,False,False,False,False,False,False,True,False,False,False,False,False,False,False,False,False,False,False,False,False,False,False,False,True,True
